,0,0,0,0,0,0,0,0,0,0,0,0,0,0,0,0,0,0,0,0,0,0,0,0,0,0,0,0,0,0,0,0,0,0,0,0,0,0,0,0,0,0,0,0,0,0,0,0,0,0,0,0,0,0,0,0,0,0,0,0,0,0,0,0,0,0,0,0,0,0,0,0,0,0,0,0,0,0,0,0,0,0,0,0,0,0,0,0,0,0,0,0,0,0,0,0,0,0,0,0,0,0,0,0,0,0,0,0,0,0,0,0,0,0,0,0,0,0,0,0,0,0,0,0,0,0,0,0,0,0,0,0
pharmacy,All,All,All,All,All,All,Asani,Asani,Asani,Asani,Asani,Asani,Balua Gaon,Balua Gaon,Balua Gaon,Balua Gaon,Balua Gaon,Balua Gaon,Bampali,Bampali,Bampali,Bampali,Bampali,Bampali,Behea Bajar,Behea Bajar,Behea Bajar,Behea Bajar,Behea Bajar,Behea Bajar,Behea Chaurasta,Behea Chaurasta,Behea Chaurasta,Behea Chaurasta,Behea Chaurasta,Behea Chaurasta,Belaur,Belaur,Belaur,Belaur,Belaur,Belaur,Belwania,Belwania,Belwania,Belwania,Belwania,Belwania,Chakrahi Road,Chakrahi Road,Chakrahi Road,Chakrahi Road,Chakrahi Road,Chakrahi Road,Dularpur,Dularpur,Dularpur,Dularpur,Dularpur,Dularpur,Ekawna,Ekawna,Ekawna,Ekawna,Ekawna,Ekawna,Gajrajganj,Gajrajganj,Gajrajganj,Gajrajganj,Gajrajganj,Gajrajganj,Gaura Bajar,Gaura Bajar,Gaura Bajar,Gaura Bajar,Gaura Bajar,Gaura Bajar,Harigaon,Harigaon,Harigaon,Harigaon,Harigaon,Harigaon,KarjaBarja,KarjaBarja,KarjaBarja,KarjaBarja,KarjaBarja,KarjaBarja,Kasap,Kasap,Kasap,Kasap,Kasap,Kasap,Katayan,Katayan,Katayan,Katayan,Katayan,Katayan,Piania,Piania,Piania,Piania,Piania,Piania,Piro,Piro,Piro,Piro,Piro,Piro,Rani Sagar,Rani Sagar,Rani Sagar,Rani Sagar,Rani Sagar,Rani Sagar,UdwantNagar Bajar,UdwantNagar Bajar,UdwantNagar Bajar,UdwantNagar Bajar,UdwantNagar Bajar,UdwantNagar Bajar,UdwantNagar Highway,UdwantNagar Highway,UdwantNagar Highway,UdwantNagar Highway,UdwantNagar Highway,UdwantNagar Highway
screen_type,All,All,Unaware,Unaware,Aware,Aware,All,All,Unaware,Unaware,Aware,Aware,All,All,Unaware,Unaware,Aware,Aware,All,All,Unaware,Unaware,Aware,Aware,All,All,Unaware,Unaware,Aware,Aware,All,All,Unaware,Unaware,Aware,Aware,All,All,Unaware,Unaware,Aware,Aware,All,All,Unaware,Unaware,Aware,Aware,All,All,Unaware,Unaware,Aware,Aware,All,All,Unaware,Unaware,Aware,Aware,All,All,Unaware,Unaware,Aware,Aware,All,All,Unaware,Unaware,Aware,Aware,All,All,Unaware,Unaware,Aware,Aware,All,All,Unaware,Unaware,Aware,Aware,All,All,Unaware,Unaware,Aware,Aware,All,All,Unaware,Unaware,Aware,Aware,All,All,Unaware,Unaware,Aware,Aware,All,All,Unaware,Unaware,Aware,Aware,All,All,Unaware,Unaware,Aware,Aware,All,All,Unaware,Unaware,Aware,Aware,All,All,Unaware,Unaware,Aware,Aware,All,All,Unaware,Unaware,Aware,Aware
htn_grade,All,Hypertensive,All,Hypertensive,All,Hypertensive,All,Hypertensive,All,Hypertensive,All,Hypertensive,All,Hypertensive,All,Hypertensive,All,Hypertensive,All,Hypertensive,All,Hypertensive,All,Hypertensive,All,Hypertensive,All,Hypertensive,All,Hypertensive,All,Hypertensive,All,Hypertensive,All,Hypertensive,All,Hypertensive,All,Hypertensive,All,Hypertensive,All,Hypertensive,All,Hypertensive,All,Hypertensive,All,Hypertensive,All,Hypertensive,All,Hypertensive,All,Hypertensive,All,Hypertensive,All,Hypertensive,All,Hypertensive,All,Hypertensive,All,Hypertensive,All,Hypertensive,All,Hypertensive,All,Hypertensive,All,Hypertensive,All,Hypertensive,All,Hypertensive,All,Hypertensive,All,Hypertensive,All,Hypertensive,All,Hypertensive,All,Hypertensive,All,Hypertensive,All,Hypertensive,All,Hypertensive,All,Hypertensive,All,Hypertensive,All,Hypertensive,All,Hypertensive,All,Hypertensive,All,Hypertensive,All,Hypertensive,All,Hypertensive,All,Hypertensive,All,Hypertensive,All,Hypertensive,All,Hypertensive,All,Hypertensive,All,Hypertensive,All,Hypertensive,All,Hypertensive,All,Hypertensive,All,Hypertensive,All,Hypertensive
screenings,3403,1415,740,740,675,675,61,24,20,20,4,4,209,177,10,10,167,167,222,56,42,42,14,14,288,97,56,56,41,41,54,17,12,12,5,5,242,41,36,36,5,5,142,46,36,36,10,10,245,159,98,98,61,61,73,45,17,17,28,28,121,27,17,17,10,10,138,87,44,44,43,43,88,36,28,28,8,8,0,0,0,0,0,0,154,81,31,31,50,50,215,57,30,30,27,27,167,36,18,18,18,18,363,94,57,57,37,37,256,110,78,78,32,32,84,37,24,24,13,13,141,100,23,23,77,77,140,88,63,63,25,25
total_consults,97,79,27,27,52,52,2,2,0,0,2,2,8,8,2,2,6,6,8,6,4,4,2,2,1,1,0,0,1,1,0,0,0,0,0,0,1,1,1,1,0,0,10,3,0,0,3,3,4,4,3,3,1,1,2,2,1,1,1,1,0,0,0,0,0,0,11,10,3,3,7,7,0,0,0,0,0,0,0,0,0,0,0,0,3,2,0,0,2,2,2,2,1,1,1,1,0,0,0,0,0,0,6,3,3,3,0,0,1,1,1,1,0,0,7,7,0,0,7,7,24,21,4,4,17,17,7,6,4,4,2,2
unique_consults,1030,619,291,291,328,328,11,5,3,3,2,2,95,82,7,7,75,75,112,39,26,26,13,13,25,15,6,6,9,9,16,7,5,5,2,2,52,24,20,20,4,4,82,37,27,27,10,10,47,40,21,21,19,19,37,24,10,10,14,14,26,14,7,7,7,7,98,66,33,33,33,33,10,8,7,7,1,1,0,0,0,0,0,0,34,22,6,6,16,16,48,28,11,11,17,17,16,5,4,4,1,1,100,41,21,21,20,20,37,24,11,11,13,13,22,17,8,8,9,9,86,68,18,18,50,50,76,53,40,40,13,13
hypertensive,458,458,225,225,233,233,3,3,3,3,0,0,37,37,5,5,32,32,31,31,19,19,12,12,12,12,4,4,8,8,4,4,3,3,1,1,17,17,13,13,4,4,31,31,23,23,8,8,37,37,20,20,17,17,20,20,8,8,12,12,13,13,6,6,7,7,45,45,20,20,25,25,8,8,7,7,1,1,0,0,0,0,0,0,15,15,4,4,11,11,24,24,7,7,17,17,4,4,4,4,0,0,36,36,18,18,18,18,15,15,9,9,6,6,12,12,7,7,5,5,52,52,13,13,39,39,42,42,32,32,10,10
healthy,327,72,30,30,42,42,0,0,0,0,0,0,16,15,0,0,15,15,34,3,2,2,1,1,7,2,1,1,1,1,4,0,0,0,0,0,31,5,5,5,0,0,31,1,1,1,0,0,6,2,0,0,2,2,15,3,1,1,2,2,12,1,1,1,0,0,40,15,9,9,6,6,0,0,0,0,0,0,0,0,0,0,0,0,7,0,0,0,0,0,12,2,2,2,0,0,7,1,0,0,1,1,54,3,2,2,1,1,7,3,1,1,2,2,8,3,1,1,2,2,22,9,3,3,6,6,14,4,1,1,3,3
enrolled,371,371,86,86,285,285,2,2,0,0,2,2,57,57,3,3,54,54,17,17,8,8,9,9,16,16,3,3,13,13,6,6,2,2,4,4,10,10,7,7,3,3,12,12,4,4,8,8,40,40,14,14,26,26,13,13,3,3,10,10,2,2,1,1,1,1,40,40,8,8,32,32,8,8,4,4,4,4,0,0,0,0,0,0,17,17,1,1,16,16,14,14,2,2,12,12,13,13,3,3,10,10,15,15,5,5,10,10,10,10,3,3,7,7,9,9,2,2,7,7,49,49,6,6,43,43,21,21,7,7,14,14
followed,75,75,23,23,52,52,2,2,0,0,2,2,9,9,1,1,8,8,4,4,3,3,1,1,1,1,0,0,1,1,0,0,0,0,0,0,0,0,0,0,0,0,3,3,0,0,3,3,6,6,3,3,3,3,1,1,1,1,0,0,0,0,0,0,0,0,9,9,3,3,6,6,0,0,0,0,0,0,0,0,0,0,0,0,2,2,0,0,2,2,2,2,1,1,1,1,3,3,2,2,1,1,0,0,0,0,0,0,3,3,1,1,2,2,7,7,1,1,6,6,17,17,4,4,13,13,6,6,3,3,3,3
followed_twice,32,32,11,11,21,21,0,0,0,0,0,0,3,3,1,1,2,2,4,4,3,3,1,1,1,1,0,0,1,1,0,0,0,0,0,0,0,0,0,0,0,0,0,0,0,0,0,0,5,5,2,2,3,3,0,0,0,0,0,0,0,0,0,0,0,0,2,2,1,1,1,1,0,0,0,0,0,0,0,0,0,0,0,0,0,0,0,0,0,0,1,1,1,1,0,0,0,0,0,0,0,0,0,0,0,0,0,0,2,2,0,0,2,2,5,5,1,1,4,4,6,6,1,1,5,5,3,3,1,1,2,2
dropped,138,58,58,58,0,0,0,0,0,0,0,0,5,1,1,1,0,0,1,0,0,0,0,0,14,6,6,6,0,0,5,4,4,4,0,0,3,2,2,2,0,0,12,3,3,3,0,0,43,18,18,18,0,0,1,1,1,1,0,0,1,1,1,1,0,0,2,1,1,1,0,0,0,0,0,0,0,0,0,0,0,0,0,0,23,11,11,11,0,0,0,0,0,0,0,0,15,3,3,3,0,0,2,1,1,1,0,0,7,4,4,4,0,0,1,0,0,0,0,0,0,0,0,0,0,0,3,2,2,2,0,0
ineligible,2,1,1,1,0,0,0,0,0,0,0,0,0,0,0,0,0,0,0,0,0,0,0,0,0,0,0,0,0,0,0,0,0,0,0,0,0,0,0,0,0,0,1,0,0,0,0,0,0,0,0,0,0,0,0,0,0,0,0,0,0,0,0,0,0,0,0,0,0,0,0,0,0,0,0,0,0,0,0,0,0,0,0,0,0,0,0,0,0,0,0,0,0,0,0,0,0,0,0,0,0,0,1,1,1,1,0,0,0,0,0,0,0,0,0,0,0,0,0,0,0,0,0,0,0,0,0,0,0,0,0,0
enrolled_consulted,286,286,86,86,200,200,2,2,0,0,2,2,43,43,3,3,40,40,16,16,8,8,8,8,8,8,3,3,5,5,4,4,2,2,2,2,9,9,7,7,2,2,12,12,4,4,8,8,29,29,14,14,15,15,11,11,3,3,8,8,2,2,1,1,1,1,35,35,8,8,27,27,5,5,4,4,1,1,0,0,0,0,0,0,8,8,1,1,7,7,8,8,2,2,6,6,4,4,3,3,1,1,14,14,5,5,9,9,10,10,3,3,7,7,8,8,2,2,6,6,42,42,6,6,36,36,16,16,7,7,9,9
enrolled_confirmed,231,231,86,86,145,145,0,0,0,0,0,0,20,20,3,3,17,17,16,16,8,8,8,8,7,7,3,3,4,4,3,3,2,2,1,1,9,9,7,7,2,2,10,10,4,4,6,6,28,28,14,14,14,14,11,11,3,3,8,8,2,2,1,1,1,1,30,30,8,8,22,22,5,5,4,4,1,1,0,0,0,0,0,0,5,5,1,1,4,4,8,8,2,2,6,6,3,3,3,3,0,0,13,13,5,5,8,8,7,7,3,3,4,4,4,4,2,2,2,2,36,36,6,6,30,30,14,14,7,7,7,7
enrolled_preconsult,116,116,28,28,88,88,2,2,0,0,2,2,27,27,2,2,25,25,3,3,0,0,3,3,4,4,2,2,2,2,2,2,1,1,1,1,2,2,2,2,0,0,9,9,2,2,7,7,14,14,5,5,9,9,8,8,3,3,5,5,0,0,0,0,0,0,7,7,0,0,7,7,2,2,1,1,1,1,0,0,0,0,0,0,4,4,1,1,3,3,2,2,0,0,2,2,1,1,1,1,0,0,9,9,4,4,5,5,3,3,0,0,3,3,1,1,1,1,0,0,11,11,0,0,11,11,5,5,3,3,2,2
enrolled_postconsult,172,171,59,59,112,112,0,0,0,0,0,0,16,16,1,1,15,15,13,13,8,8,5,5,4,4,1,1,3,3,2,2,1,1,1,1,7,7,5,5,2,2,4,3,2,2,1,1,15,15,9,9,6,6,3,3,0,0,3,3,2,2,1,1,1,1,28,28,8,8,20,20,3,3,3,3,0,0,0,0,0,0,0,0,4,4,0,0,4,4,6,6,2,2,4,4,3,3,2,2,1,1,6,6,2,2,4,4,7,7,3,3,4,4,7,7,1,1,6,6,31,31,6,6,25,25,11,11,4,4,7,7
followed_consulted,72,72,23,23,49,49,2,2,0,0,2,2,9,9,1,1,8,8,4,4,3,3,1,1,1,1,0,0,1,1,0,0,0,0,0,0,0,0,0,0,0,0,3,3,0,0,3,3,6,6,3,3,3,3,1,1,1,1,0,0,0,0,0,0,0,0,9,9,3,3,6,6,0,0,0,0,0,0,0,0,0,0,0,0,2,2,0,0,2,2,2,2,1,1,1,1,2,2,2,2,0,0,0,0,0,0,0,0,3,3,1,1,2,2,6,6,1,1,5,5,17,17,4,4,13,13,5,5,3,3,2,2
followed_confirmed,52,52,23,23,29,29,0,0,0,0,0,0,8,8,1,1,7,7,4,4,3,3,1,1,1,1,0,0,1,1,0,0,0,0,0,0,0,0,0,0,0,0,2,2,0,0,2,2,5,5,3,3,2,2,1,1,1,1,0,0,0,0,0,0,0,0,6,6,3,3,3,3,0,0,0,0,0,0,0,0,0,0,0,0,2,2,0,0,2,2,2,2,1,1,1,1,2,2,2,2,0,0,0,0,0,0,0,0,2,2,1,1,1,1,3,3,1,1,2,2,11,11,4,4,7,7,3,3,3,3,0,0
sbp_change,27.24 (19.33 to 35.15),27.24 (19.33 to 35.15),60.73 (41.26 to 80.21),60.73 (41.26 to 80.21),14.71 (7.15 to 22.27),14.71 (7.15 to 22.27),-8.5 (-154.62 to 137.62),-8.5 (-154.62 to 137.62),nan (nan to nan),nan (nan to nan),-8.5 (-154.62 to 137.62),-8.5 (-154.62 to 137.62),21.06 (3.7 to 38.42),21.06 (3.7 to 38.42),92.33 (-159.29 to 343.96),92.33 (-159.29 to 343.96),16.6 (-0.0 to 33.21),16.6 (-0.0 to 33.21),61.31 (18.02 to 104.61),61.31 (18.02 to 104.61),73.12 (-0.66 to 146.91),73.12 (-0.66 to 146.91),49.5 (-15.47 to 114.47),49.5 (-15.47 to 114.47),68.11 (7.08 to 129.14),68.11 (7.08 to 129.14),142.0 (73.65 to 210.35),142.0 (73.65 to 210.35),31.17 (-42.06 to 104.39),31.17 (-42.06 to 104.39),-10.0 (-30.19 to 10.19),-10.0 (-30.19 to 10.19),1.5 (-17.56 to 20.56),1.5 (-17.56 to 20.56),-17.67 (-61.14 to 25.81),-17.67 (-61.14 to 25.81),113.0 (52.04 to 173.96),113.0 (52.04 to 173.96),103.86 (21.41 to 186.3),103.86 (21.41 to 186.3),145.0 (119.59 to 170.41),145.0 (119.59 to 170.41),52.17 (6.54 to 97.79),52.17 (6.54 to 97.79),78.5 (-66.69 to 223.69),78.5 (-66.69 to 223.69),39.0 (-13.48 to 91.48),39.0 (-13.48 to 91.48),41.45 (8.12 to 74.78),41.45 (8.12 to 74.78),104.0 (43.4 to 164.6),104.0 (43.4 to 164.6),-10.06 (-18.82 to -1.3),-10.06 (-18.82 to -1.3),48.0 (-10.26 to 106.26),48.0 (-10.26 to 106.26),113.33 (-160.7 to 387.37),113.33 (-160.7 to 387.37),23.5 (-34.13 to 81.13),23.5 (-34.13 to 81.13),156.5 (124.73 to 188.27),156.5 (124.73 to 188.27),154.0 (nan to nan),154.0 (nan to nan),159.0 (nan to nan),159.0 (nan to nan),25.4 (0.94 to 49.86),25.4 (0.94 to 49.86),23.62 (-42.9 to 90.15),23.62 (-42.9 to 90.15),25.93 (-1.83 to 53.68),25.93 (-1.83 to 53.68),1.71 (-11.0 to 14.43),1.71 (-11.0 to 14.43),7.0 (-15.28 to 29.28),7.0 (-15.28 to 29.28),-5.33 (-34.97 to 24.3),-5.33 (-34.97 to 24.3),nan (nan to nan),nan (nan to nan),nan (nan to nan),nan (nan to nan),nan (nan to nan),nan (nan to nan),9.55 (-32.71 to 51.8),9.55 (-32.71 to 51.8),190.0 (nan to nan),190.0 (nan to nan),-8.5 (-23.08 to 6.08),-8.5 (-23.08 to 6.08),41.0 (-11.55 to 93.55),41.0 (-11.55 to 93.55),-22.0 (-301.54 to 257.54),-22.0 (-301.54 to 257.54),52.45 (-7.78 to 112.69),52.45 (-7.78 to 112.69),20.6 (-124.8 to 166.0),20.6 (-124.8 to 166.0),1.0 (-370.65 to 372.65),1.0 (-370.65 to 372.65),50.0 (-712.37 to 812.37),50.0 (-712.37 to 812.37),76.0 (30.07 to 121.93),76.0 (30.07 to 121.93),116.4 (32.55 to 200.25),116.4 (32.55 to 200.25),53.56 (-8.01 to 115.12),53.56 (-8.01 to 115.12),4.6 (-30.58 to 39.78),4.6 (-30.58 to 39.78),28.67 (-204.66 to 261.99),28.67 (-204.66 to 261.99),-5.71 (-21.01 to 9.58),-5.71 (-21.01 to 9.58),-37.0 (-55.46 to -18.54),-37.0 (-55.46 to -18.54),-20.0 (-134.36 to 94.36),-20.0 (-134.36 to 94.36),-41.86 (-64.86 to -18.86),-41.86 (-64.86 to -18.86),-5.0 (-14.81 to 4.81),-5.0 (-14.81 to 4.81),-25.0 (-40.41 to -9.59),-25.0 (-40.41 to -9.59),-1.92 (-12.83 to 8.99),-1.92 (-12.83 to 8.99),2.26 (-11.98 to 16.5),2.26 (-11.98 to 16.5),13.86 (-29.71 to 57.42),13.86 (-29.71 to 57.42),-4.5 (-10.26 to 1.26),-4.5 (-10.26 to 1.26)
dbp_change,16.22 (11.85 to 20.59),16.22 (11.85 to 20.59),35.84 (24.99 to 46.68),35.84 (24.99 to 46.68),8.88 (4.79 to 12.98),8.88 (4.79 to 12.98),2.5 (-80.09 to 85.09),2.5 (-80.09 to 85.09),nan (nan to nan),nan (nan to nan),2.5 (-80.09 to 85.09),2.5 (-80.09 to 85.09),12.53 (3.33 to 21.73),12.53 (3.33 to 21.73),58.67 (-54.75 to 172.08),58.67 (-54.75 to 172.08),9.65 (0.91 to 18.38),9.65 (0.91 to 18.38),32.62 (6.94 to 58.31),32.62 (6.94 to 58.31),39.75 (-5.03 to 84.53),39.75 (-5.03 to 84.53),25.5 (-11.83 to 62.83),25.5 (-11.83 to 62.83),40.0 (2.66 to 77.34),40.0 (2.66 to 77.34),87.33 (84.46 to 90.2),87.33 (84.46 to 90.2),16.33 (-27.67 to 60.33),16.33 (-27.67 to 60.33),0.4 (-4.76 to 5.56),0.4 (-4.76 to 5.56),2.5 (-29.27 to 34.27),2.5 (-29.27 to 34.27),-1.0 (-12.38 to 10.38),-1.0 (-12.38 to 10.38),58.67 (21.75 to 95.59),58.67 (21.75 to 95.59),54.71 (4.27 to 105.16),54.71 (4.27 to 105.16),72.5 (-22.8 to 167.8),72.5 (-22.8 to 167.8),37.0 (4.93 to 69.07),37.0 (4.93 to 69.07),60.25 (-47.85 to 168.35),60.25 (-47.85 to 168.35),25.38 (-7.68 to 58.43),25.38 (-7.68 to 58.43),25.58 (7.16 to 44.0),25.58 (7.16 to 44.0),62.64 (30.93 to 94.36),62.64 (30.93 to 94.36),-4.94 (-9.65 to -0.23),-4.94 (-9.65 to -0.23),27.09 (-7.07 to 61.25),27.09 (-7.07 to 61.25),64.67 (-103.9 to 233.23),64.67 (-103.9 to 233.23),13.0 (-19.86 to 45.86),13.0 (-19.86 to 45.86),65.5 (-182.27 to 313.27),65.5 (-182.27 to 313.27),85.0 (nan to nan),85.0 (nan to nan),46.0 (nan to nan),46.0 (nan to nan),18.31 (4.65 to 31.98),18.31 (4.65 to 31.98),21.25 (-18.43 to 60.93),21.25 (-18.43 to 60.93),17.44 (2.33 to 32.56),17.44 (2.33 to 32.56),-7.14 (-18.44 to 4.15),-7.14 (-18.44 to 4.15),-6.5 (-27.19 to 14.19),-6.5 (-27.19 to 14.19),-8.0 (-42.42 to 26.42),-8.0 (-42.42 to 26.42),nan (nan to nan),nan (nan to nan),nan (nan to nan),nan (nan to nan),nan (nan to nan),nan (nan to nan),10.45 (-5.72 to 26.63),10.45 (-5.72 to 26.63),78.0 (nan to nan),78.0 (nan to nan),3.7 (-2.94 to 10.34),3.7 (-2.94 to 10.34),18.38 (-10.24 to 47.01),18.38 (-10.24 to 47.01),-14.5 (-198.74 to 169.74),-14.5 (-198.74 to 169.74),24.36 (-8.51 to 57.24),24.36 (-8.51 to 57.24),26.4 (-32.32 to 85.12),26.4 (-32.32 to 85.12),13.0 (-110.38 to 136.38),13.0 (-110.38 to 136.38),46.5 (-417.28 to 510.28),46.5 (-417.28 to 510.28),38.5 (13.08 to 63.92),38.5 (13.08 to 63.92),59.4 (14.86 to 103.94),59.4 (14.86 to 103.94),26.89 (-8.18 to 61.95),26.89 (-8.18 to 61.95),0.9 (-18.96 to 20.76),0.9 (-18.96 to 20.76),13.33 (-122.37 to 149.04),13.33 (-122.37 to 149.04),-4.43 (-11.03 to 2.17),-4.43 (-11.03 to 2.17),-10.78 (-22.18 to 0.62),-10.78 (-22.18 to 0.62),-5.5 (-11.85 to 0.85),-5.5 (-11.85 to 0.85),-12.29 (-27.8 to 3.22),-12.29 (-27.8 to 3.22),-3.31 (-8.93 to 2.3),-3.31 (-8.93 to 2.3),-11.5 (-26.81 to 3.81),-11.5 (-26.81 to 3.81),-2.05 (-8.24 to 4.13),-2.05 (-8.24 to 4.13),1.26 (-6.44 to 8.97),1.26 (-6.44 to 8.97),7.43 (-15.11 to 29.97),7.43 (-15.11 to 29.97),-2.33 (-7.1 to 2.43),-2.33 (-7.1 to 2.43)
prop_controlled,0.28164557,0.28164557,0.209302326,0.209302326,0.308695652,0.308695652,1,1,,,1,1,0.431372549,0.431372549,0,0,0.458333333,0.458333333,0.3125,0.3125,0.375,0.375,0.25,0.25,0.111111111,0.111111111,0,0,0.166666667,0.166666667,0.4,0.4,0,0,0.666666667,0.666666667,0.111111111,0.111111111,0.142857143,0.142857143,0,0,0.166666667,0.166666667,0,0,0.25,0.25,0.161290323,0.161290323,0.142857143,0.142857143,0.176470588,0.176470588,0.272727273,0.272727273,0.333333333,0.333333333,0.25,0.25,0,0,0,0,0,0,0.314285714,0.314285714,0.25,0.25,0.333333333,0.333333333,0.142857143,0.142857143,0,0,0.333333333,0.333333333,,,,,,,0.454545455,0.454545455,0,0,0.5,0.5,0.461538462,0.461538462,0.5,0.5,0.454545455,0.454545455,0.6,0.6,0.666666667,0.666666667,0.5,0.5,0.071428571,0.071428571,0,0,0.111111111,0.111111111,0.3,0.3,0.333333333,0.333333333,0.285714286,0.285714286,0.777777778,0.777777778,0.5,0.5,0.857142857,0.857142857,0.155555556,0.155555556,0.5,0.5,0.102564103,0.102564103,0.105263158,0.105263158,0.142857143,0.142857143,0.083333333,0.083333333
n_records,316,316,86,86,230,230,2,2,0,0,2,2,51,51,3,3,48,48,16,16,8,8,8,8,9,9,3,3,6,6,5,5,2,2,3,3,9,9,7,7,2,2,12,12,4,4,8,8,31,31,14,14,17,17,11,11,3,3,8,8,2,2,1,1,1,1,35,35,8,8,27,27,7,7,4,4,3,3,0,0,0,0,0,0,11,11,1,1,10,10,13,13,2,2,11,11,5,5,3,3,2,2,14,14,5,5,9,9,10,10,3,3,7,7,9,9,2,2,7,7,45,45,6,6,39,39,19,19,7,7,12,12
prop_ini_controlled,0.237196765,0.237196765,0.139534884,0.139534884,0.266666667,0.266666667,1,1,,,1,1,0.49122807,0.49122807,0,0,0.518518519,0.518518519,0.235294118,0.235294118,0.25,0.25,0.222222222,0.222222222,0.0625,0.0625,0,0,0.076923077,0.076923077,0.333333333,0.333333333,0.5,0.5,0.25,0.25,0.1,0.1,0,0,0.333333333,0.333333333,0.166666667,0.166666667,0.25,0.25,0.125,0.125,0.1,0.1,0.071428571,0.071428571,0.115384615,0.115384615,0.230769231,0.230769231,0,0,0.3,0.3,0.5,0.5,1,1,0,0,0.225,0.225,0.125,0.125,0.25,0.25,0.125,0.125,0.25,0.25,0,0,,,,,,,0.235294118,0.235294118,0,0,0.25,0.25,0.5,0.5,0,0,0.583333333,0.583333333,0.615384615,0.615384615,0.333333333,0.333333333,0.7,0.7,0.266666667,0.266666667,0.2,0.2,0.3,0.3,0.1,0.1,0,0,0.142857143,0.142857143,0,0,0,0,0,0,0.06122449,0.06122449,0,0,0.069767442,0.069767442,0.142857143,0.142857143,0.285714286,0.285714286,0.071428571,0.071428571
n_ini_records,371,371,86,86,285,285,2,2,0,0,2,2,57,57,3,3,54,54,17,17,8,8,9,9,16,16,3,3,13,13,6,6,2,2,4,4,10,10,7,7,3,3,12,12,4,4,8,8,40,40,14,14,26,26,13,13,3,3,10,10,2,2,1,1,1,1,40,40,8,8,32,32,8,8,4,4,4,4,0,0,0,0,0,0,17,17,1,1,16,16,14,14,2,2,12,12,13,13,3,3,10,10,15,15,5,5,10,10,10,10,3,3,7,7,9,9,2,2,7,7,49,49,6,6,43,43,21,21,7,7,14,14
prop_doc_followups,14.9 (6.61 to 23.19),13.02 (5.62 to 20.42),8.73 (-2.42 to 19.89),8.73 (-2.42 to 19.89),15.12 (5.31 to 24.93),15.12 (5.31 to 24.93),0.0 (nan to nan),0.0 (nan to nan),nan (nan to nan),nan (nan to nan),0.0 (nan to nan),0.0 (nan to nan),0.0 (nan to nan),0.0 (nan to nan),0.0 (nan to nan),0.0 (nan to nan),0.0 (nan to nan),0.0 (nan to nan),77.78 (-17.84 to 173.39),77.78 (-17.84 to 173.39),66.67 (-356.87 to 490.21),66.67 (-356.87 to 490.21),100.0 (nan to nan),100.0 (nan to nan),0.0 (nan to nan),0.0 (nan to nan),nan (nan to nan),nan (nan to nan),0.0 (nan to nan),0.0 (nan to nan),nan (nan to nan),nan (nan to nan),nan (nan to nan),nan (nan to nan),nan (nan to nan),nan (nan to nan),0.0 (nan to nan),0.0 (nan to nan),0.0 (nan to nan),0.0 (nan to nan),nan (nan to nan),nan (nan to nan),30.0 (-53.29 to 113.29),0.0 (nan to nan),nan (nan to nan),nan (nan to nan),0.0 (nan to nan),0.0 (nan to nan),16.67 (-55.04 to 88.38),16.67 (-55.04 to 88.38),25.0 (-292.66 to 342.66),25.0 (-292.66 to 342.66),0.0 (nan to nan),0.0 (nan to nan),0.0 (nan to nan),0.0 (nan to nan),0.0 (nan to nan),0.0 (nan to nan),0.0 (nan to nan),0.0 (nan to nan),nan (nan to nan),nan (nan to nan),nan (nan to nan),nan (nan to nan),nan (nan to nan),nan (nan to nan),11.11 (-14.51 to 36.73),11.11 (-14.51 to 36.73),0.0 (nan to nan),0.0 (nan to nan),16.67 (-26.18 to 59.51),16.67 (-26.18 to 59.51),nan (nan to nan),nan (nan to nan),nan (nan to nan),nan (nan to nan),nan (nan to nan),nan (nan to nan),nan (nan to nan),nan (nan to nan),nan (nan to nan),nan (nan to nan),nan (nan to nan),nan (nan to nan),0.0 (nan to nan),0.0 (nan to nan),nan (nan to nan),nan (nan to nan),0.0 (nan to nan),0.0 (nan to nan),0.0 (nan to nan),0.0 (nan to nan),0.0 (nan to nan),0.0 (nan to nan),0.0 (nan to nan),0.0 (nan to nan),nan (nan to nan),nan (nan to nan),nan (nan to nan),nan (nan to nan),nan (nan to nan),nan (nan to nan),0.0 (nan to nan),0.0 (nan to nan),0.0 (nan to nan),0.0 (nan to nan),nan (nan to nan),nan (nan to nan),0.0 (nan to nan),0.0 (nan to nan),0.0 (nan to nan),0.0 (nan to nan),nan (nan to nan),nan (nan to nan),20.0 (-14.0 to 54.0),20.0 (-14.0 to 54.0),nan (nan to nan),nan (nan to nan),20.0 (-14.0 to 54.0),20.0 (-14.0 to 54.0),15.62 (-0.42 to 31.67),15.62 (-0.42 to 31.67),0.0 (nan to nan),0.0 (nan to nan),19.23 (-0.42 to 38.88),19.23 (-0.42 to 38.88),25.0 (-54.56 to 104.56),25.0 (-54.56 to 104.56),0.0 (nan to nan),0.0 (nan to nan),100.0 (nan to nan),100.0 (nan to nan)
prop_pharm_followups,92.99 (87.05 to 98.92),90.24 (84.34 to 96.13),106.96 (93.04 to 120.87),106.96 (93.04 to 120.87),84.47 (78.28 to 90.65),84.47 (78.28 to 90.65),nan (nan to nan),nan (nan to nan),nan (nan to nan),nan (nan to nan),nan (nan to nan),nan (nan to nan),105.75 (88.87 to 122.63),98.72 (88.48 to 108.96),83.33 (-128.44 to 295.1),83.33 (-128.44 to 295.1),100.0 (89.22 to 110.78),100.0 (89.22 to 110.78),91.57 (76.48 to 106.66),90.44 (73.17 to 107.72),89.58 (57.17 to 121.99),89.58 (57.17 to 121.99),91.43 (70.46 to 112.4),91.43 (70.46 to 112.4),100.0 (nan to nan),100.0 (nan to nan),100.0 (nan to nan),100.0 (nan to nan),100.0 (nan to nan),100.0 (nan to nan),83.33 (11.62 to 155.04),75.0 (-242.66 to 392.66),100.0 (nan to nan),100.0 (nan to nan),50.0 (nan to nan),50.0 (nan to nan),93.94 (80.44 to 107.44),93.94 (80.44 to 107.44),91.67 (71.96 to 111.37),91.67 (71.96 to 111.37),100.0 (nan to nan),100.0 (nan to nan),91.67 (33.22 to 150.12),51.04 (24.08 to 78.01),77.78 (-17.84 to 173.39),77.78 (-17.84 to 173.39),35.0 (16.49 to 53.51),35.0 (16.49 to 53.51),94.85 (77.57 to 112.14),94.7 (76.86 to 112.53),107.58 (83.37 to 131.78),107.58 (83.37 to 131.78),88.26 (63.55 to 112.97),88.26 (63.55 to 112.97),100.0 (nan to nan),100.0 (nan to nan),nan (nan to nan),nan (nan to nan),100.0 (nan to nan),100.0 (nan to nan),100.0 (nan to nan),100.0 (nan to nan),100.0 (nan to nan),100.0 (nan to nan),nan (nan to nan),nan (nan to nan),98.66 (76.44 to 120.87),98.66 (76.44 to 120.87),160.0 (-6.59 to 326.59),160.0 (-6.59 to 326.59),86.86 (76.78 to 96.94),86.86 (76.78 to 96.94),72.92 (48.29 to 97.55),72.92 (48.29 to 97.55),75.0 (29.07 to 120.93),75.0 (29.07 to 120.93),70.83 (16.16 to 125.51),70.83 (16.16 to 125.51),nan (nan to nan),nan (nan to nan),nan (nan to nan),nan (nan to nan),nan (nan to nan),nan (nan to nan),60.33 (34.92 to 85.75),60.33 (34.92 to 85.75),nan (nan to nan),nan (nan to nan),60.33 (34.92 to 85.75),60.33 (34.92 to 85.75),75.0 (59.55 to 90.45),75.0 (59.55 to 90.45),83.33 (-128.44 to 295.1),83.33 (-128.44 to 295.1),73.61 (55.86 to 91.36),73.61 (55.86 to 91.36),115.38 (92.69 to 138.08),118.18 (91.01 to 145.36),166.67 (23.24 to 310.09),166.67 (23.24 to 310.09),100.0 (nan to nan),100.0 (nan to nan),87.5 (68.15 to 106.85),83.33 (56.24 to 110.43),75.0 (-242.66 to 392.66),75.0 (-242.66 to 392.66),87.5 (47.72 to 127.28),87.5 (47.72 to 127.28),106.67 (66.45 to 146.88),96.3 (59.07 to 133.52),133.33 (-10.09 to 276.76),133.33 (-10.09 to 276.76),77.78 (41.65 to 113.91),77.78 (41.65 to 113.91),171.97 (96.43 to 247.51),187.96 (96.3 to 279.63),200.0 (-1070.62 to 1470.62),200.0 (-1070.62 to 1470.62),184.52 (69.14 to 299.91),184.52 (69.14 to 299.91),68.84 (58.39 to 79.29),68.84 (58.39 to 79.29),110.0 (41.99 to 178.01),110.0 (41.99 to 178.01),63.82 (54.58 to 73.06),63.82 (54.58 to 73.06),91.52 (75.09 to 107.94),91.11 (73.86 to 108.37),97.14 (50.38 to 143.91),97.14 (50.38 to 143.91),88.1 (69.83 to 106.36),88.1 (69.83 to 106.36)
prop_all_followups,88.82 (87.4 to 90.23),87.9 (86.5 to 89.3),94.19 (92.59 to 95.8),94.19 (92.59 to 95.8),81.35 (79.13 to 83.57),81.35 (79.13 to 83.57),97.92 (93.61 to 102.23),97.83 (93.32 to 102.33),100.0 (nan to nan),100.0 (nan to nan),87.5 (47.72 to 127.28),87.5 (47.72 to 127.28),92.98 (89.08 to 96.87),91.71 (88.53 to 94.9),83.33 (63.86 to 102.8),83.33 (63.86 to 102.8),92.22 (89.0 to 95.44),92.22 (89.0 to 95.44),84.8 (78.01 to 91.59),75.98 (67.99 to 83.97),82.88 (74.45 to 91.32),82.88 (74.45 to 91.32),57.74 (41.02 to 74.46),57.74 (41.02 to 74.46),95.73 (92.84 to 98.62),95.59 (92.61 to 98.57),98.11 (95.46 to 100.76),98.11 (95.46 to 100.76),92.25 (86.26 to 98.24),92.25 (86.26 to 98.24),93.52 (84.03 to 103.01),93.14 (83.06 to 103.21),95.83 (86.66 to 105.0),95.83 (86.66 to 105.0),86.67 (49.65 to 123.69),86.67 (49.65 to 123.69),85.98 (78.48 to 93.47),84.87 (76.87 to 92.87),87.12 (78.79 to 95.45),87.12 (78.79 to 95.45),70.0 (36.0 to 104.0),70.0 (36.0 to 104.0),89.79 (80.04 to 99.55),86.61 (77.75 to 95.47),94.35 (87.78 to 100.93),94.35 (87.78 to 100.93),62.6 (34.11 to 91.08),62.6 (34.11 to 91.08),86.0 (82.02 to 89.97),85.87 (81.81 to 89.93),91.48 (87.38 to 95.59),91.48 (87.38 to 95.59),76.85 (68.92 to 84.78),76.85 (68.92 to 84.78),98.61 (95.79 to 101.43),98.61 (95.79 to 101.43),100.0 (nan to nan),100.0 (nan to nan),97.83 (93.32 to 102.33),97.83 (93.32 to 102.33),96.3 (88.48 to 104.11),96.3 (88.48 to 104.11),92.59 (75.51 to 109.67),92.59 (75.51 to 109.67),100.0 (nan to nan),100.0 (nan to nan),79.78 (74.01 to 85.56),79.78 (74.01 to 85.56),94.44 (89.62 to 99.27),94.44 (89.62 to 99.27),65.47 (56.9 to 74.03),65.47 (56.9 to 74.03),85.88 (76.72 to 95.04),85.88 (76.72 to 95.04),91.07 (82.37 to 99.77),91.07 (82.37 to 99.77),67.71 (38.28 to 97.13),67.71 (38.28 to 97.13),nan (nan to nan),nan (nan to nan),nan (nan to nan),nan (nan to nan),nan (nan to nan),nan (nan to nan),91.19 (85.87 to 96.52),91.07 (85.68 to 96.46),100.0 (nan to nan),100.0 (nan to nan),86.13 (78.01 to 94.26),86.13 (78.01 to 94.26),82.69 (75.21 to 90.16),82.69 (75.21 to 90.16),95.93 (90.09 to 101.76),95.93 (90.09 to 101.76),69.44 (57.28 to 81.61),69.44 (57.28 to 81.61),92.5 (81.91 to 103.09),88.89 (78.89 to 98.89),102.78 (89.37 to 116.19),102.78 (89.37 to 116.19),75.0 (62.21 to 87.79),75.0 (62.21 to 87.79),95.79 (92.7 to 98.87),96.21 (93.2 to 99.23),98.74 (96.22 to 101.27),98.74 (96.22 to 101.27),92.38 (85.82 to 98.94),92.38 (85.82 to 98.94),94.15 (88.03 to 100.28),92.32 (86.13 to 98.5),96.05 (88.41 to 103.69),96.05 (88.41 to 103.69),83.15 (72.99 to 93.32),83.15 (72.99 to 93.32),96.2 (83.34 to 109.07),95.98 (82.32 to 109.64),102.38 (85.37 to 119.39),102.38 (85.37 to 119.39),85.64 (60.73 to 110.55),85.64 (60.73 to 110.55),71.01 (64.69 to 77.33),71.01 (64.69 to 77.33),90.15 (80.57 to 99.73),90.15 (80.57 to 99.73),65.54 (58.26 to 72.82),65.54 (58.26 to 72.82),86.09 (79.89 to 92.29),85.93 (79.66 to 92.19),92.18 (87.05 to 97.3),92.18 (87.05 to 97.3),71.18 (54.53 to 87.83),71.18 (54.53 to 87.83)
adherent,45,45,12,12,33,33,0,0,0,0,0,0,6,6,0,0,6,6,3,3,1,1,2,2,0,0,0,0,0,0,0,0,0,0,0,0,0,0,0,0,0,0,1,1,0,0,1,1,9,9,2,2,7,7,0,0,0,0,0,0,0,0,0,0,0,0,10,10,4,4,6,6,1,1,0,0,1,1,0,0,0,0,0,0,0,0,0,0,0,0,1,1,0,0,1,1,1,1,1,1,0,0,0,0,0,0,0,0,3,3,0,0,3,3,0,0,0,0,0,0,2,2,0,0,2,2,8,8,4,4,4,4
non_adherent,12,12,5,5,7,7,0,0,0,0,0,0,1,1,0,0,1,1,2,2,1,1,1,1,0,0,0,0,0,0,0,0,0,0,0,0,0,0,0,0,0,0,1,1,0,0,1,1,2,2,2,2,0,0,0,0,0,0,0,0,0,0,0,0,0,0,0,0,0,0,0,0,0,0,0,0,0,0,0,0,0,0,0,0,0,0,0,0,0,0,0,0,0,0,0,0,2,2,1,1,1,1,0,0,0,0,0,0,1,1,1,1,0,0,3,3,0,0,3,3,0,0,0,0,0,0,0,0,0,0,0,0
ltfo,282,282,66,66,216,216,2,2,0,0,2,2,45,45,3,3,42,42,12,12,6,6,6,6,9,9,3,3,6,6,2,2,1,1,1,1,10,10,7,7,3,3,9,9,3,3,6,6,26,26,10,10,16,16,11,11,3,3,8,8,0,0,0,0,0,0,30,30,4,4,26,26,7,7,4,4,3,3,0,0,0,0,0,0,11,11,1,1,10,10,13,13,2,2,11,11,10,10,1,1,9,9,13,13,5,5,8,8,6,6,2,2,4,4,6,6,2,2,4,4,47,47,6,6,41,41,13,13,3,3,10,10
patients_switching,0,0,0,0,0,0,0,0,0,0,0,0,0,0,0,0,0,0,0,0,0,0,0,0,0,0,0,0,0,0,0,0,0,0,0,0,0,0,0,0,0,0,0,0,0,0,0,0,0,0,0,0,0,0,0,0,0,0,0,0,0,0,0,0,0,0,0,0,0,0,0,0,0,0,0,0,0,0,0,0,0,0,0,0,0,0,0,0,0,0,0,0,0,0,0,0,0,0,0,0,0,0,0,0,0,0,0,0,0,0,0,0,0,0,0,0,0,0,0,0,0,0,0,0,0,0,0,0,0,0,0,0
patients_referred,745,532,268,268,264,264,13,8,6,6,2,2,57,46,5,5,41,41,49,23,22,22,1,1,19,15,5,5,10,10,8,3,2,2,1,1,53,26,22,22,4,4,40,23,17,17,6,6,41,39,16,16,23,23,7,7,4,4,3,3,10,9,3,3,6,6,65,50,21,21,29,29,15,13,11,11,2,2,0,0,0,0,0,0,19,19,5,5,14,14,42,27,13,13,14,14,9,5,4,4,1,1,66,36,24,24,12,12,48,40,21,21,19,19,22,17,8,8,9,9,89,71,19,19,52,52,73,55,40,40,15,15
first_consult_delay,7.35 (6.3 to 8.4),8.55 (7.17 to 9.93),6.62 (4.77 to 8.48),6.62 (4.77 to 8.48),10.26 (8.25 to 12.28),10.26 (8.25 to 12.28),3.27 (1.6 to 4.95),3.4 (0.05 to 6.75),2.0 (-4.57 to 8.57),2.0 (-4.57 to 8.57),5.5 (-0.85 to 11.85),5.5 (-0.85 to 11.85),15.81 (11.74 to 19.88),17.41 (12.9 to 21.93),10.71 (-7.73 to 29.15),10.71 (-7.73 to 29.15),18.04 (13.29 to 22.79),18.04 (13.29 to 22.79),6.06 (2.91 to 9.21),8.0 (2.04 to 13.96),11.08 (2.28 to 19.88),11.08 (2.28 to 19.88),1.85 (-0.88 to 4.57),1.85 (-0.88 to 4.57),1.28 (0.4 to 2.16),1.47 (0.13 to 2.8),2.5 (-0.45 to 5.45),2.5 (-0.45 to 5.45),0.78 (-0.75 to 2.3),0.78 (-0.75 to 2.3),11.06 (4.48 to 17.65),12.29 (-0.08 to 24.66),11.8 (-4.68 to 28.28),11.8 (-4.68 to 28.28),13.5 (-158.03 to 185.03),13.5 (-158.03 to 185.03),0.42 (-0.17 to 1.02),0.46 (-0.49 to 1.41),0.55 (-0.6 to 1.7),0.55 (-0.6 to 1.7),0.0 (nan to nan),0.0 (nan to nan),1.74 (0.31 to 3.18),2.35 (-0.31 to 5.01),0.67 (-0.12 to 1.45),0.67 (-0.12 to 1.45),6.9 (-3.52 to 17.32),6.9 (-3.52 to 17.32),15.53 (8.62 to 22.44),17.18 (9.21 to 25.14),14.05 (4.39 to 23.7),14.05 (4.39 to 23.7),20.63 (6.83 to 34.43),20.63 (6.83 to 34.43),2.51 (-0.12 to 5.14),3.29 (-0.81 to 7.4),5.8 (-4.96 to 16.56),5.8 (-4.96 to 16.56),1.5 (0.63 to 2.37),1.5 (0.63 to 2.37),5.0 (0.35 to 9.65),7.57 (-0.57 to 15.71),10.57 (-7.72 to 28.87),10.57 (-7.72 to 28.87),4.57 (0.62 to 8.53),4.57 (0.62 to 8.53),4.82 (2.28 to 7.35),6.82 (3.15 to 10.49),7.39 (1.59 to 13.2),7.39 (1.59 to 13.2),6.24 (1.44 to 11.05),6.24 (1.44 to 11.05),2.8 (-0.27 to 5.87),2.38 (-1.06 to 5.81),2.71 (-1.27 to 6.7),2.71 (-1.27 to 6.7),0.0 (nan to nan),0.0 (nan to nan),nan (nan to nan),nan (nan to nan),nan (nan to nan),nan (nan to nan),nan (nan to nan),nan (nan to nan),9.44 (5.19 to 13.69),12.23 (6.57 to 17.88),7.0 (-2.08 to 16.08),7.0 (-2.08 to 16.08),14.19 (6.89 to 21.49),14.19 (6.89 to 21.49),6.35 (1.87 to 10.84),6.89 (-0.06 to 13.84),0.73 (-0.89 to 2.35),0.73 (-0.89 to 2.35),10.88 (-0.57 to 22.33),10.88 (-0.57 to 22.33),8.25 (-4.81 to 21.31),3.8 (-3.02 to 10.62),4.75 (-4.56 to 14.06),4.75 (-4.56 to 14.06),0.0 (nan to nan),0.0 (nan to nan),8.31 (4.3 to 12.32),5.76 (1.24 to 10.27),7.24 (-0.73 to 15.2),7.24 (-0.73 to 15.2),4.2 (-0.56 to 8.96),4.2 (-0.56 to 8.96),7.97 (1.11 to 14.83),4.29 (-2.08 to 10.66),1.55 (-1.9 to 4.99),1.55 (-1.9 to 4.99),6.62 (-5.5 to 18.73),6.62 (-5.5 to 18.73),10.18 (2.59 to 17.78),12.35 (2.69 to 22.01),9.5 (-3.74 to 22.74),9.5 (-3.74 to 22.74),14.89 (-1.8 to 31.58),14.89 (-1.8 to 31.58),8.51 (4.3 to 12.72),7.44 (2.56 to 12.32),5.72 (-3.58 to 15.03),5.72 (-3.58 to 15.03),8.06 (2.15 to 13.97),8.06 (2.15 to 13.97),9.0 (3.51 to 14.49),8.55 (3.08 to 14.01),8.7 (1.84 to 15.56),8.7 (1.84 to 15.56),8.08 (-0.66 to 16.82),8.08 (-0.66 to 16.82)
doc_consult_delay,45.52 (38.98 to 52.07),48.83 (41.51 to 56.14),47.21 (34.0 to 60.42),47.21 (34.0 to 60.42),49.73 (40.63 to 58.84),49.73 (40.63 to 58.84),18.0 (nan to nan),18.0 (nan to nan),nan (nan to nan),nan (nan to nan),18.0 (nan to nan),18.0 (nan to nan),51.38 (30.06 to 72.69),51.38 (30.06 to 72.69),64.5 (-272.21 to 401.21),64.5 (-272.21 to 401.21),47.0 (22.67 to 71.33),47.0 (22.67 to 71.33),32.0 (6.72 to 57.28),26.67 (2.16 to 51.17),21.0 (8.29 to 33.71),21.0 (8.29 to 33.71),38.0 (nan to nan),38.0 (nan to nan),82.0 (nan to nan),82.0 (nan to nan),nan (nan to nan),nan (nan to nan),82.0 (nan to nan),82.0 (nan to nan),nan (nan to nan),nan (nan to nan),nan (nan to nan),nan (nan to nan),nan (nan to nan),nan (nan to nan),10.0 (nan to nan),10.0 (nan to nan),10.0 (nan to nan),10.0 (nan to nan),nan (nan to nan),nan (nan to nan),48.0 (17.39 to 78.61),59.67 (-28.87 to 148.21),nan (nan to nan),nan (nan to nan),59.67 (-28.87 to 148.21),59.67 (-28.87 to 148.21),41.67 (-15.32 to 98.66),41.67 (-15.32 to 98.66),28.5 (-3.27 to 60.27),28.5 (-3.27 to 60.27),68.0 (nan to nan),68.0 (nan to nan),39.0 (nan to nan),39.0 (nan to nan),39.0 (nan to nan),39.0 (nan to nan),39.0 (nan to nan),39.0 (nan to nan),nan (nan to nan),nan (nan to nan),nan (nan to nan),nan (nan to nan),nan (nan to nan),nan (nan to nan),48.75 (25.57 to 71.93),52.61 (28.14 to 77.08),49.0 (-56.07 to 154.07),49.0 (-56.07 to 154.07),54.42 (23.03 to 85.81),54.42 (23.03 to 85.81),nan (nan to nan),nan (nan to nan),nan (nan to nan),nan (nan to nan),nan (nan to nan),nan (nan to nan),nan (nan to nan),nan (nan to nan),nan (nan to nan),nan (nan to nan),nan (nan to nan),nan (nan to nan),35.67 (-2.84 to 74.18),43.5 (-51.8 to 138.8),nan (nan to nan),nan (nan to nan),43.5 (-51.8 to 138.8),43.5 (-51.8 to 138.8),39.5 (-182.86 to 261.86),39.5 (-182.86 to 261.86),57.0 (nan to nan),57.0 (nan to nan),22.0 (nan to nan),22.0 (nan to nan),nan (nan to nan),nan (nan to nan),nan (nan to nan),nan (nan to nan),nan (nan to nan),nan (nan to nan),28.6 (-0.54 to 57.74),41.0 (-13.93 to 95.93),41.0 (-13.93 to 95.93),41.0 (-13.93 to 95.93),nan (nan to nan),nan (nan to nan),23.0 (nan to nan),23.0 (nan to nan),23.0 (nan to nan),23.0 (nan to nan),nan (nan to nan),nan (nan to nan),33.7 (18.91 to 48.49),33.7 (18.91 to 48.49),nan (nan to nan),nan (nan to nan),33.7 (18.91 to 48.49),33.7 (18.91 to 48.49),54.9 (38.23 to 71.57),59.65 (40.78 to 78.52),59.75 (10.39 to 109.11),59.75 (10.39 to 109.11),59.62 (35.78 to 83.45),59.62 (35.78 to 83.45),57.25 (16.19 to 98.31),60.5 (7.32 to 113.68),66.75 (-7.64 to 141.14),66.75 (-7.64 to 141.14),35.5 (nan to nan),35.5 (nan to nan)
adherent_called,9,9,4,4,5,5,0,0,0,0,0,0,0,0,0,0,0,0,1,1,1,1,0,0,0,0,0,0,0,0,0,0,0,0,0,0,0,0,0,0,0,0,0,0,0,0,0,0,1,1,1,1,0,0,0,0,0,0,0,0,0,0,0,0,0,0,1,1,0,0,1,1,0,0,0,0,0,0,0,0,0,0,0,0,0,0,0,0,0,0,0,0,0,0,0,0,0,0,0,0,0,0,0,0,0,0,0,0,0,0,0,0,0,0,0,0,0,0,0,0,1,1,0,0,1,1,5,5,2,2,3,3
nonadherent_called,5,5,1,1,4,4,0,0,0,0,0,0,0,0,0,0,0,0,2,2,1,1,1,1,0,0,0,0,0,0,0,0,0,0,0,0,0,0,0,0,0,0,0,0,0,0,0,0,0,0,0,0,0,0,0,0,0,0,0,0,0,0,0,0,0,0,0,0,0,0,0,0,0,0,0,0,0,0,0,0,0,0,0,0,0,0,0,0,0,0,0,0,0,0,0,0,0,0,0,0,0,0,0,0,0,0,0,0,0,0,0,0,0,0,3,3,0,0,3,3,0,0,0,0,0,0,0,0,0,0,0,0
ltfo_called,20,20,6,6,14,14,0,0,0,0,0,0,1,1,0,0,1,1,2,2,1,1,1,1,1,1,0,0,1,1,0,0,0,0,0,0,0,0,0,0,0,0,1,1,0,0,1,1,3,3,1,1,2,2,5,5,1,1,4,4,0,0,0,0,0,0,3,3,0,0,3,3,0,0,0,0,0,0,0,0,0,0,0,0,0,0,0,0,0,0,0,0,0,0,0,0,0,0,0,0,0,0,0,0,0,0,0,0,0,0,0,0,0,0,1,1,0,0,1,1,2,2,2,2,0,0,1,1,1,1,0,0
screen_within_consultvisits,0.13,0.14,0.14,0.14,0.14,0.14,0.23,0.25,0.25,0.25,0.25,0.25,0.16,0.18,0.1,0.1,0.18,0.18,0.07,0.07,0.1,0.1,0,0,0.14,0.12,0.2,0.2,0.02,0.02,0.07,0.06,0.08,0.08,0,0,0.06,0.07,0.08,0.08,0,0,0.14,0.07,0.08,0.08,0,0,0.15,0.18,0.15,0.15,0.21,0.21,0.15,0.18,0.12,0.12,0.21,0.21,0,0,0,0,0,0,0.01,0.01,0,0,0.02,0.02,0.15,0.19,0.25,0.25,0,0,,,,,,,0.13,0.1,0.13,0.13,0.08,0.08,0.14,0.26,0.27,0.27,0.26,0.26,0.14,0.19,0,0,0.39,0.39,0.28,0.39,0.42,0.42,0.35,0.35,0.06,0.06,0.04,0.04,0.12,0.12,0.1,0.08,0.08,0.08,0.08,0.08,0.06,0.06,0.13,0.13,0.04,0.04,0.18,0.18,0.17,0.17,0.2,0.2